symbol,mc
A,18.09B  
AA,5.95B  
AAC,161.76M  
AAL,22.27B  
AAMC,116.2M  
AAME,76.55M  
AAN,2.44B  
AAOI,1.21B  
AAON,1.93B  
AAP,11.18B  
AAPL,798.03B  
AAT,2.56B  
AAWW,1.2B  
AB,2.02B  
ABAX,1.06B  
ABBV,104.37B  
ABC,19.47B  
ABCB,1.63B  
ABCD,224.58M  
ABCO,2.08B  
ABDC,180.73M  
ABG,1.21B  
ABIO,22.64M  
ABM,2.3B  
ABMD,5.69B  
ABR,674.69M  
ABT,74.89B  
ABTL,144.15M  
ACAD,3.4B  
ACC,6.33B  
ACCO,1.25B  
ACET,430.44M  
ACFC,121.06M  
ACFN,7.68M  
ACHC,3.83B  
ACHN,583.81M  
ACIW,2.66B  
ACLS,644.05M  
ACM,5.08B  
ACNB,178.98M  
ACOR,711.56M  
ACRE,369.14M  
ACRX,120.26M  
ACSF,135M  
ACTA,462.47M  
ACTG,227.64M  
ACU,90.21M  
ACUR,5.94M  
ACXM,2.02B  
ACY,14.95M  
ADAT,13.19M  
ADBE,67.49B  
ADC,1.19B  
ADEP,N/A  
ADGE,16.07M  
ADI,29.66B  
ADK,22.18M  
ADM,23.59B  
ADMA,48.2M  
ADMP,107.5M  
ADMS,334.94M  
ADP,44.12B  
ADPT,38.86M  
ADRO,695.64M  
ADS,13.09B  
ADSK,24.22B  
ADTN,944.73M  
ADUS,436.44M  
ADXS,337.27M  
AE,168.83M  
AEE,13.49B  
AEGN,622.54M  
AEHR,90M  
AEIS,3.03B  
AEL,2.18B  
AEO,1.98B  
AEP,33.79B  
AERI,1.38B  
AES,7.39B  
AET,46.89B  
AETI,15M  
AEY,17.63M  
AF,1.89B  
AFAM,782.7M  
AFG,8.53B  
AFH,176.25M  
AFL,29.32B  
AFSI,2.08B  
AGCO,5.1B  
AGEN,340.22M  
AGIO,2.37B  
AGM,635.83M  
AGNC,7.16B  
AGRX,97.08M  
AGTC,94.94M  
AGX,1.04B  
AGYS,220.92M  
AHC,119.52M  
AHGP,1.73B  
AHH,813.38M  
AHP,368.83M  
AHPI,7.43M  
AHT,752.16M  
AI,335.76M  
AIG,56.66B  
AIMC,1.24B  
AIN,1.5B  
AINC,103.78M  
AINV,1.38B  
AIQ,143.07M  
AIR,1.13B  
AIRI,18.36M  
AIRM,1.57B  
AIRT,40.86M  
AIT,2.34B  
AIV,7.08B  
AIZ,5.47B  
AJG,10.01B  
AJRD,1.52B  
AJX,259.74M  
AKAM,8.19B  
AKAO,885.94M  
AKBA,553.8M  
AKR,2.45B  
AKRX,4.14B  
AKS,1.75B  
AL,3.85B  
ALB,12.22B  
ALCO,255.34M  
ALDR,889.75M  
ALDW,696.48M  
ALDX,67.34M  
ALE,3.52B  
ALEX,2.02B  
ALG,964.56M  
ALGN,11.12B  
ALGT,2.37B  
ALIM,97.35M  
ALJ,913.44M  
ALK,10.45B  
ALL,30.67B  
ALLY,8.63B  
ALNY,6.18B  
ALOG,893.6M  
ALOT,106.1M  
ALQA,18.39M  
ALR,4.13B  
ALSK,114.1M  
ALSN,5.68B  
ALX,2.11B  
ALXN,25.56B  
AM,6.32B  
AMAG,662.36M  
AMAT,47.6B  
AMBA,2.11B  
AMBC,745.82M  
AMBR,195.61M  
AMC,3.31B  
AMCO,814  
AMCX,3.54B  
AMD,10.77B  
AME,13.82B  
AMED,1.99B  
AMG,8.64B  
AMGN,115.1B  
AMH,6.98B  
AMID,698.46M  
AMKR,2.62B  
AMNB,307.54M  
AMOT,233.19M  
AMP,19.18B  
AMPE,45.79M  
AMPH,706.65M  
AMRB,88.34M  
AMRC,304.34M  
AMRI,721.45M  
AMRK,119.53M  
AMRS,85.26M  
AMS,22.4M  
AMSC,58.87M  
AMSF,999M  
AMSWA,307.69M  
AMT,54.54B  
AMTD,19.34B  
AMTX,24.62M  
AMWD,1.43B  
AMZN,458.78B  
AN,4.02B  
ANAT,3.05B  
ANCX,563.02M  
ANDE,962.15M  
ANET,10.37B  
ANF,847.23M  
ANGI,673.5M  
ANGO,570.24M  
ANH,556.29M  
ANIK,689.21M  
ANIP,554.88M  
ANSS,10.45B  
ANTH,16.42M  
ANTM,46.75B  
AOI,102.92M  
AOS,9.31B  
AOSL,438.22M  
AP,196.34M  
APA,19.46B  
APAM,2.11B  
APC,29.87B  
APD,31.16B  
APDN,36.89M  
APEI,371.76M  
APH,22.28B  
APO,10.74B  
APOG,1.48B  
APPS,79.96M  
APRI,13.15M  
APTS,478.54M  
APU,4.08B  
AR,7.02B  
ARAY,332M  
ARC,160.18M  
ARCB,465.04M  
ARCC,7.03B  
ARCI,5.99M  
ARCW,57.24M  
ARCX,275.8M  
ARDM,18.55M  
ARDX,287.87M  
ARE,10.72B  
ARES,3.89B  
AREX,247.93M  
ARI,1.67B  
ARII,696.75M  
ARIS,85.71M  
ARKR,86.39M  
ARL,118.54M  
ARLP,1.66B  
ARMK,8.93B  
ARNA,422.19M  
AROW,434.18M  
ARQL,89.64M  
ARR,923.82M  
ARRS,5.06B  
ARRY,1.41B  
ARTNA,329.97M  
ARTW,13.3M  
ARTX,80.44M  
ARW,6.57B  
ARWR,122.63M  
ASA,234.57M  
ASB,3.65B  
ASBB,155.88M  
ASCMA,153.29M  
ASFI,45.94M  
ASGN,2.74B  
ASH,4.05B  
ASMB,404.51M  
ASNA,394.96M  
ASPN,103.44M  
ASRV,74.68M  
AST,162.57M  
ASTC,22.62M  
ASTE,1.32B  
ASTI,2.02M  
ASUR,111.85M  
ASYS,106M  
AT,271.21M  
ATEC,22.48M  
ATEN,574.11M  
ATHN,5.19B  
ATHX,164.19M  
ATI,1.72B  
ATLC,33.56M  
ATLO,289.1M  
ATLS,5.21M  
ATNI,1.03B  
ATNM,80.66M  
ATO,8.54B  
ATR,5.14B  
ATRA,441M  
ATRC,729.85M  
ATRI,983.61M  
ATRO,871.47M  
ATRS,402.29M  
ATSG,1.36B  
ATU,1.52B  
ATVI,42.11B  
ATW,700.52M  
AUMN,43.21M  
AVA,2.69B  
AVAV,708.49M  
AVB,26.35B  
AVD,515.25M  
AVEO,105.59M  
AVGR,9.28M  
AVHI,365.8M  
AVID,214.59M  
AVNW,100.51M  
AVP,1.48B  
AVT,4.64B  
AVX,2.73B  
AVY,7.33B  
AWI,2.27B  
AWK,13.52B  
AWR,1.63B  
AWRE,103.73M  
AWX,9.32M  
AXAS,302.08M  
AXDX,1.53B  
AXE,2.54B  
AXGN,488.16M  
AXL,1.74B  
AXP,68.64B  
AXR,51.05M  
AXTA,7.58B  
AXTI,265.88M  
AYI,7.12B  
AYR,1.74B  
AZO,19.14B  
AZPN,4.34B  
AZZ,1.41B  
B,2.93B  
BA,109.92B  
BABY,1.09B  
BAC,229.39B  
BAH,5.39B  
BANC,1.06B  
BANF,1.47B  
BANR,1.77B  
BAS,753.97M  
BASI,13.35M  
BAX,31.1B  
BBBY,5.13B  
BBG,317.39M  
BBGI,242.23M  
BBOX,131.69M  
BBRG,69.74M  
BBSI,415.89M  
BBT,34.28B  
BBW,167.82M  
BBY,15.78B  
BC,4.93B  
BCBP,177.81M  
BCC,1.04B  
BCEI,788.42M  
BCLI,77.57M  
BCO,2.99B  
BCOR,883.23M  
BCOV,204.96M  
BCPC,2.52B  
BCR,22.27B  
BCRX,440.71M  
BDC,2.87B  
BDE,180.08M  
BDGE,671.69M  
BDL,47.67M  
BDMS,25.11M  
BDN,3.07B  
BDR,4.47M  
BDSI,135.55M  
BDX,41.86B  
BEAT,810.94M  
BEAV,6.54B  
BEBE,32.13M  
BECN,2.92B  
BELFB,279.01M  
BEN,23.6B  
BERY,7.26B  
BF.B,N/A  
BFAM,4.56B  
BFIN,255.12M  
BFS,1.7B  
BG,9.78B  
BGC,769.28M  
BGCP,4.47B  
BGFV,294.6M  
BGG,1.01B  
BGS,2.64B  
BH,783.13M  
BHB,454.34M  
BHBK,483.45M  
BHE,1.55B  
BHI,24.77B  
BHLB,1.27B  
BID,2.63B  
BIG,2.13B  
BIIB,53.42B  
BIO,6.49B  
BIOC,38.04M  
BIOD,N/A  
BIOL,79.84M  
BIOS,205.67M  
BJRI,1.01B  
BK,48.4B  
BKCC,552.1M  
BKD,2.61B  
BKE,815.62M  
BKEP,273.7M  
BKH,3.62B  
BKJ,103.31M  
BKMU,411.09M  
BKS,503.67M  
BKSC,100.18M  
BKU,3.58B  
BLBD,425.44M  
BLCM,417.1M  
BLDR,1.6B  
BLFS,28.81M  
BLIN,12.01M  
BLK,64B  
BLKB,3.77B  
BLL,14.06B  
BLMN,2.02B  
BLMT,280M  
BLPH,51.46M  
BLUE,3.38B  
BMI,1.12B  
BMRC,371.21M  
BMRN,15.57B  
BMS,4.03B  
BMTC,693.94M  
BMY,88.99B  
BNCL,1.12B  
BNCN,1.66B  
BNFT,956.11M  
BOBE,1.41B  
BOCH,180.48M  
BOFI,1.43B  
BOH,3.35B  
BOJA,638.61M  
BOKF,5.37B  
BONT,14.59M  
BOOM,198.04M  
BOOT,213.95M  
BOTJ,66.46M  
BOX,2.31B  
BPFH,1.25B  
BPI,398.13M  
BPL,9.35B  
BPMC,1.54B  
BPOP,3.89B  
BPT,423.72M  
BPTH,45.54M  
BR,8.62B  
BRC,1.9B  
BRCD,5.15B  
BREW,307.24M  
BRG,313.66M  
BRK.B,N/A  
BRKL,1.06B  
BRKR,4.2B  
BRKS,1.88B  
BRN,15.89M  
BRO,5.9B  
BRS,497.66M  
BRSS,668.58M  
BRT,112.32M  
BRX,5.69B  
BSET,298.55M  
BSF,329.41M  
BSFT,1.15B  
BSM,3.22B  
BSQR,60.33M  
BSRR,333.21M  
BSTC,364.66M  
BSX,36.17B  
BTN,85.67M  
BTU,2.26B  
BTX,341.5M  
BURL,6.66B  
BUSE,1.1B  
BV,376.83M  
BVSN,21.1M  
BVX,66.35M  
BWA,8.57B  
BWEN,80.6M  
BWFG,255.1M  
BWINB,360.24M  
BWLD,2.46B  
BWP,4.67B  
BX,36.43B  
BXC,85.53M  
BXMT,2.9B  
BXP,20.81B  
BXS,2.66B  
BYBK,74.5M  
BYD,2.83B  
BZH,479.22M  
C,168.21B  
CA,13.06B  
CAB,3.64B  
CAC,631.83M  
CACB,543.1M  
CACC,4.3B  
CACI,2.97B  
CACQ,2.4B  
CAG,16.05B  
CAH,23.22B  
CAKE,2.72B  
CALA,568.24M  
CALD,1.36B  
CALM,1.89B  
CALX,331.67M  
CAMP,656.85M  
CAPL,829.67M  
CAPN,32.84M  
CAPR,20.79M  
CAR,1.89B  
CARA,547.1M  
CARB,530.6M  
CARO,491.12M  
CART,32.21M  
CARV,13.64M  
CASH,783.53M  
CASI,58.99M  
CASM,27.45M  
CASS,699.29M  
CASY,4.5B  
CAT,60.34B  
CATM,1.58B  
CATO,549.13M  
CATY,2.91B  
CAVM,4.85B  
CAW,22.77M  
CB,64.66B  
CBAN,115.2M  
CBAY,112.42M  
CBB,731.03M  
CBF,2.56B  
CBFV,112.42M  
CBG,11.22B  
CBK,41.01M  
CBL,1.53B  
CBLI,37.69M  
CBM,1.69B  
CBMG,97.89M  
CBMX,16.74M  
CBOE,9.53B  
CBPX,946.79M  
CBR,25.31M  
CBRL,3.82B  
CBS,25.09B  
CBSH,5.5B  
CBT,3.21B  
CBU,2.48B  
CBZ,802.69M  
CCBG,304.16M  
CCC,728.31M  
CCE,19.53B  
CCF,953.32M  
CCI,36.41B  
CCK,7.62B  
CCL,44.55B  
CCMP,1.86B  
CCNE,334.24M  
CCO,1.37B  
CCOI,1.7B  
CCRN,439.03M  
CCS,582.91M  
CCUR,62.87M  
CDE,1.71B  
CDI,114.82M  
CDK,8.92B  
CDNS,9.17B  
CDR,429.57M  
CDTI,50.88M  
CDTX,114.28M  
CDW,8.97B  
CDXS,209.54M  
CDZI,348.33M  
CE,11.9B  
CEB,2.52B  
CECE,325.51M  
CECO,653.21M  
CELG,91.3B  
CELP,88.62M  
CEMI,84.25M  
CEMP,199.51M  
CENTA,1.57B  
CENX,1.21B  
CEQP,1.71B  
CERN,21.18B  
CERS,311.81M  
CERU,12.18M  
CEVA,921.4M  
CF,6.66B  
CFBK,35.51M  
CFFI,165.12M  
CFFN,1.93B  
CFG,17.51B  
CFI,386.07M  
CFNB,175.27M  
CFNL,960.76M  
CFR,5.83B  
CFRX,52.07M  
CFX,4.95B  
CG,5.76B  
CGI,63.76M  
CGNT,99.72M  
CGNX,7.88B  
CHCI,6.31M  
CHCO,1.01B  
CHD,12.4B  
CHDN,2.71B  
CHE,3.18B  
CHEF,392.64M  
CHFC,3.27B  
CHFN,153.55M  
CHGG,1.09B  
CHH,3.63B  
CHK,5.15B  
CHKE,130.81M  
CHKR,123.89M  
CHMG,180.4M  
CHMI,230.35M  
CHMT,2.12B  
CHRS,1.14B  
CHRW,9.49B  
CHS,1.45B  
CHSP,1.37B  
CHTR,96.39B  
CHUY,482.36M  
CI,40.83B  
CIA,304M  
CIDM,19.89M  
CIE,125.93M  
CIEN,3.24B  
CIM,3.38B  
CINF,11.37B  
CIR,1.04B  
CIT,9.54B  
CIVB,213.34M  
CIVI,602.61M  
CIX,168.9M  
CIZN,117.96M  
CKH,1.14B  
CL,66.09B  
CLAC,103.42M  
CLCT,227.49M  
CLD,261.95M  
CLDT,727.35M  
CLDX,385.32M  
CLF,1.92B  
CLFD,191.68M  
CLGX,3.56B  
CLH,3.28B  
CLI,2.71B  
CLMT,344.33M  
CLNE,373.23M  
CLR,15.82B  
CLRB,23.15M  
CLRO,86.17M  
CLRX,N/A  
CLSN,14.14M  
CLUB,106.78M  
CLVS,2.34B  
CLW,747.62M  
CLX,17.02B  
CMA,12.1B  
CMC,2.12B  
CMCO,548.55M  
CMCSA,184.63B  
CMCT,1.33B  
CME,39.7B  
CMFN,140.31M  
CMG,13.9B  
CMI,25.91B  
CMLS,14.5M  
CMO,991.37M  
CMP,2.29B  
CMRX,218.33M  
CMS,12.88B  
CMT,153.73M  
CMTL,329.27M  
CNA,11.95B  
CNAT,152.44M  
CNBKA,296.03M  
CNC,12.93B  
CNCE,326.49M  
CNK,4.7B  
CNMD,1.39B  
CNNX,1.37B  
CNO,3.47B  
CNOB,689.72M  
CNP,11.84B  
CNS,1.81B  
CNSL,994.37M  
CNTY,191.29M  
CNX,3.7B  
CNXR,19M  
COBZ,653.65M  
CODI,973.37M  
COF,38.75B  
COG,10.93B  
COH,12.74B  
COHR,6.05B  
COHU,493.32M  
COKE,1.91B  
COL,19.87B  
COLB,2.2B  
COLL,255.11M  
COLM,3.67B  
COMM,7.14B  
CONE,4.75B  
CONN,489.49M  
COO,10.4B  
COOL,54.93M  
COP,58.74B  
COR,4.75B  
CORE,1.56B  
CORI,200.24M  
CORR,430.32M  
CORT,1.33B  
COST,75.34B  
COT,1.79B  
COTY,14.02B  
COUP,1.62B  
COVS,83.78M  
COWN,404.48M  
CPB,16.98B  
CPE,2.54B  
CPF,925.5M  
CPHC,46.99M  
CPK,1.17B  
CPLA,1.02B  
CPN,4.96B  
CPRT,6.73B  
CPRX,177.63M  
CPS,1.91B  
CPSI,452.1M  
CPSS,106.22M  
CPST,23.22M  
CPT,7.39B  
CPTA,216.25M  
CQH,6.13B  
CQP,11.2B  
CR,4.59B  
CRAI,287M  
CRAY,699.5M  
CRBP,323.91M  
CRC,539.65M  
CRCM,454.29M  
CRDS,4.11M  
CREE,2.22B  
CRI,4B  
CRIS,238.66M  
CRK,125.13M  
CRL,4.27B  
CRM,62.17B  
CRMD,28.91M  
CRMT,272.9M  
CROX,479.33M  
CRR,243.99M  
CRS,1.67B  
CRT,91.38M  
CRTN,4.41M  
CRUS,4.16B  
CRVL,859.8M  
CRWS,76.25M  
CRY,607.01M  
CRZO,1.6B  
CSBK,378.63M  
CSC,9.75B  
CSCO,156.3B  
CSFL,1.35B  
CSGP,8.31B  
CSGS,1.33B  
CSII,1.03B  
CSL,6.49B  
CSLT,469.85M  
CSOD,2.09B  
CSPI,43.12M  
CSS,230.44M  
CST,3.67B  
CSU,411.57M  
CSV,435.26M  
CSWC,248.98M  
CSX,46.48B  
CTAS,12.75B  
CTB,1.91B  
CTBI,740.37M  
CTG,88.43M  
CTHR,19.46M  
CTIB,20.48M  
CTIC,119.07M  
CTL,13.65B  
CTLT,4.23B  
CTO,307.73M  
CTRE,1.34B  
CTRL,430.84M  
CTRN,262.83M  
CTRV,53M  
CTS,676.73M  
CTSH,38.53B  
CTSO,113.84M  
CTT,445.54M  
CTWS,606.78M  
CTXS,12.51B  
CUB,1.22B  
CUBE,4.55B  
CUBI,880.79M  
CUDA,1.19B  
CUI,79.24M  
CUNB,644.68M  
CUO,36.76M  
CUR,52.12M  
CUTR,279.95M  
CUZ,3.6B  
CVA,1.86B  
CVBF,2.26B  
CVCO,1B  
CVCY,253.77M  
CVEO,306.26M  
CVG,2.26B  
CVGI,262.5M  
CVGW,1.15B  
CVI,1.85B  
CVLT,2.5B  
CVLY,214.16M  
CVM,25.28M  
CVO,45.84M  
CVR,37.93M  
CVRR,1.51B  
CVS,77.68B  
CVTI,309.31M  
CVU,60.83M  
CVV,77.85M  
CVX,201.81B  
CW,3.76B  
CWAY,89.17M  
CWEI,2.33B  
CWST,575.43M  
CWT,1.64B  
CXO,19.52B  
CXP,2.68B  
CXW,3.7B  
CY,4.33B  
CYAN,22.11M  
CYBE,149.97M  
CYCC,14.2M  
CYH,1.1B  
CYNO,1.61B  
CYTK,641.17M  
CYTR,78.99M  
CYTX,31.5M  
CZNC,270.92M  
CZR,1.62B  
D,49.43B  
DAIO,58.51M  
DAKT,397.93M  
DAL,35.34B  
DAN,2.82B  
DAR,2.63B  
DATA,4.71B  
DAVE,27.13M  
DBD,1.98B  
DCI,6.18B  
DCO,350.25M  
DCOM,743.26M  
DCT,5.03B  
DCTH,5.34M  
DD,67.47B  
DDD,2.47B  
DDE,37.79M  
DDR,3.42B  
DDS,1.55B  
DE,38.48B  
DEA,912.73M  
DECK,1.88B  
DEI,6.85B  
DEL,849.87M  
DENN,801.34M  
DEPO,632.76M  
DERM,1.16B  
DEST,51.47M  
DF,1.65B  
DFS,22.85B  
DFT,4.63B  
DG,19.78B  
DGAS,214.5M  
DGI,1.94B  
DGICA,425.43M  
DGII,246.8M  
DGLY,21.87M  
DGX,14.49B  
DHI,12.69B  
DHIL,636.58M  
DHR,57.02B  
DHX,141.64M  
DIN,893.61M  
DIOD,1.25B  
DIS,168.26B  
DISCA,15.28B  
DISH,29.6B  
DJCO,292.43M  
DK,1.57B  
DKL,763.37M  
DKS,4.65B  
DLA,142.8M  
DLB,5.16B  
DLHC,54.35M  
DLR,18.62B  
DLTR,18.85B  
DLX,3.28B  
DM,2.91B  
DMLP,509.21M  
DMRC,308.07M  
DNB,3.86B  
DNKN,5.13B  
DNOW,1.91B  
DNR,687.31M  
DO,1.84B  
DOC,3.19B  
DOOR,2.24B  
DORM,2.81B  
DOV,12.94B  
DOW,74.88B  
DPLO,1.18B  
DPRX,14.6M  
DPS,16.71B  
DPW,4.9M  
DPZ,9.42B  
DRAD,74.92M  
DRAM,5.49M  
DRE,10.25B  
DRH,2.23B  
DRI,10.81B  
DRNA,68M  
DRQ,2.03B  
DRRX,174.62M  
DSPG,272.68M  
DSS,13.24M  
DST,3.66B  
DSW,1.4B  
DTE,19.02B  
DUK,58.35B  
DV,2.3B  
DVA,12.57B  
DVAX,268.36M  
DVCR,70.92M  
DVD,71.94M  
DVN,20.18B  
DWCH,99.8M  
DWSN,94.1M  
DX,331.15M  
DXCM,5.84B  
DXLG,117.92M  
DXPE,668.67M  
DXR,26.86M  
DXYN,63.77M  
DY,3.35B  
DYN,1.2B  
DYNT,9.41M  
DYSL,21.26M  
EA,33.18B  
EARN,173.47M  
EAT,2.01B  
EBAY,36.62B  
EBF,422.18M  
EBIO,36.56M  
EBIX,1.73B  
EBMT,72.75M  
EBS,1.22B  
EBSB,797.1M  
EBTC,346.13M  
ECHO,533.37M  
ECL,36.86B  
ECOL,1.08B  
ECOM,301.48M  
ECPG,987.03M  
ECR,648.58M  
ECT,36.09M  
ECTE,480.17k  
ECYT,110.85M  
ED,24.54B  
EDGW,97.04M  
EDR,2.83B  
EDUC,31.64M  
EE,2.11B  
EEFT,4.38B  
EEI,47.88M  
EEP,7.27B  
EEQ,1.41B  
EFC,547.26M  
EFII,2.19B  
EFOI,37.46M  
EFSC,959.23M  
EFX,16.39B  
EGAN,43.37M  
EGAS,133.6M  
EGBN,1.94B  
EGHT,1.2B  
EGL,976.51M  
EGLE,369.78M  
EGLT,72.06M  
EGN,5.69B  
EGOV,1.35B  
EGP,2.72B  
EGRX,1.22B  
EGY,66.21M  
EHTH,331.02M  
EIG,1.29B  
EIGI,1.07B  
EIX,25.48B  
EL,33.98B  
ELGX,368.41M  
ELLI,3.68B  
ELMD,37.2M  
ELON,30.21M  
ELS,7.75B  
ELSE,13.48M  
ELY,1.19B  
EMAN,79.13M  
EMCI,558.69M  
EME,3.75B  
EMES,394.85M  
EMKR,266.93M  
EML,181.18M  
EMMS,39.85M  
EMN,11.46B  
EMR,38.28B  
ENBL,7.02B  
ENG,37.99M  
ENLC,3.27B  
ENLK,6.13B  
ENOC,173.9M  
ENPH,61.02M  
ENR,3.25B  
ENRJ,2.44M  
ENS,3.47B  
ENSG,951.86M  
ENSV,18.38M  
ENT,280.67M  
ENTA,619.83M  
ENTG,3.31B  
ENTL,284.48M  
ENV,1.56B  
ENZ,417.56M  
ENZN,10.21M  
EOG,54.15B  
EPAM,4.26B  
EPAY,933.32M  
EPD,58.06B  
EPE,1.15B  
EPM,261.35M  
EPR,5.24B  
EPRS,N/A  
EPZM,1.04B  
EQC,3.85B  
EQGP,7.02B  
EQIX,33.25B  
EQM,5.97B  
EQR,24.97B  
EQT,9.78B  
ERA,215.47M  
ERI,1.49B  
ERIE,6.04B  
ERII,426.09M  
ERN,387.5M  
ERS,57.75M  
ES,19.05B  
ESBA,6.23B  
ESBK,53.28M  
ESCA,170.01M  
ESE,1.44B  
ESIO,262.09M  
ESL,2.77B  
ESMC,1.21M  
ESP,54.59M  
ESPR,752.47M  
ESRT,6.25B  
ESRX,35.68B  
ESS,17.27B  
ESSA,146.45M  
ESSX,5.16M  
ESTE,294.86M  
ESXB,172.47M  
ETE,20.13B  
ETFC,9.36B  
ETH,765.9M  
ETM,394.91M  
ETP,26.85B  
ETR,13.58B  
ETRM,31.56M  
ETSY,1.55B  
EV,4.98B  
EVA,730.3M  
EVBS,135.05M  
EVC,505.91M  
EVEP,64.18M  
EVER,2.48B  
EVHC,6.49B  
EVI,211.53M  
EVLV,71.33M  
EVOK,40.47M  
EVOL,64.25M  
EVR,3.16B  
EVTC,1.2B  
EW,23.68B  
EWBC,7.85B  
EXA,190.84M  
EXAC,431.51M  
EXAR,664.99M  
EXAS,3.39B  
EXC,32.46B  
EXEL,5.76B  
EXLS,1.69B  
EXP,4.82B  
EXPD,9.5B  
EXPE,21.37B  
EXPO,1.56B  
EXPR,583.97M  
EXR,10.06B  
EXTR,979.38M  
EXXI,886.75M  
EYES,64.26M  
EZPW,461.48M  
F,43.28B  
FAC,50.22M  
FAF,4.69B  
FALC,11.1M  
FANG,10.12B  
FARM,512.84M  
FARO,582.55M  
FAST,12.61B  
FATE,164.36M  
FB,429.1B  
FBC,1.65B  
FBHS,9.74B  
FBIO,212.9M  
FBIZ,202M  
FBMS,254.67M  
FBNC,694.03M  
FBNK,387.76M  
FBP,1.18B  
FBRC,118.2M  
FC,282M  
FCAP,105.47M  
FCBC,424.4M  
FCCO,135.95M  
FCCY,138.07M  
FCE.A,N/A  
FCEL,55.44M  
FCF,1.2B  
FCFS,2.59B  
FCH,999.63M  
FCN,1.4B  
FCNCA,3.98B  
FCSC,37.77M  
FCX,16.97B  
FDEF,529.21M  
FDP,2.71B  
FDS,6.36B  
FDUS,377.51M  
FDX,50.63B  
FE,12.53B  
FEIM,84.24M  
FELE,1.73B  
FELP,703.44M  
FENX,15.33M  
FET,1.66B  
FEYE,2.66B  
FF,613.81M  
FFBC,1.58B  
FFG,1.54B  
FFIC,777.13M  
FFIN,2.54B  
FFIV,8.23B  
FFKT,289.96M  
FFNM,28.96M  
FFNW,168.41M  
FGEN,1.87B  
FGL,1.68B  
FGP,560.39M  
FHCO,32.91M  
FHN,4.01B  
FIBK,1.62B  
FICO,4.12B  
FIG,3.07B  
FII,2.61B  
FINL,563.18M  
FIS,27.5B  
FISI,455.17M  
FISV,25.63B  
FITB,18.14B  
FIVE,2.9B  
FIVN,1.18B  
FIX,1.29B  
FIZZ,4.07B  
FL,7.71B  
FLIC,647.82M  
FLIR,5.06B  
FLKS,59.84M  
FLL,53.5M  
FLO,3.87B  
FLR,6.41B  
FLS,6.41B  
FLT,12.53B  
FLWS,669.66M  
FLXN,559.57M  
FLXS,389.51M  
FMBI,2.51B  
FMC,9.96B  
FMI,1.33B  
FMNB,368.11M  
FMSA,1.32B  
FNB,4.33B  
FNBC,2.44M  
FNF,11.21B  
FNFV,893.31M  
FNGN,2.48B  
FNHC,207.86M  
FNJN,68.59M  
FNLC,273.89M  
FNSR,2.63B  
FNWB,195.9M  
FOE,1.43B  
FOLD,1.11B  
FONR,150.97M  
FOR,592.28M  
FORD,9.57M  
FORM,955.61M  
FORR,687.87M  
FOSL,598.29M  
FOXA,50.11B  
FOXF,1.21B  
FPI,380.93M  
FPO,659.18M  
FPP,3.73M  
FPRX,844.58M  
FR,3.47B  
FRAN,488M  
FRBA,102.24M  
FRBK,501.27M  
FRC,14.18B  
FRD,37.78M  
FRED,514.06M  
FRGI,624.88M  
FRME,1.63B  
FRP,382.81M  
FRPH,416.53M  
FRPT,474.19M  
FRSH,84.93M  
FRT,9.17B  
FSAM,235.33M  
FSB,526.33M  
FSBK,130.45M  
FSC,596.97M  
FSFR,227.19M  
FSIC,2.21B  
FSLR,3.79B  
FSNN,33.17M  
FSP,1.21B  
FSS,963.17M  
FSTR,185.46M  
FTAI,1.21B  
FTD,511.65M  
FTEK,20.9M  
FTI,14.97B  
FTK,593.16M  
FTNT,7.04B  
FTR,1.72B  
FUEL,137.47M  
FUL,2.53B  
FULT,3.05B  
FUN,3.97B  
FUNC,92.15M  
FVE,94.99M  
FWRD,1.5B  
GABC,700.49M  
GAIA,160.62M  
GAIN,295.22M  
GALE,21.02M  
GALT,84.48M  
GBCI,2.52B  
GBDC,1.16B  
GBL,844.58M  
GBNK,727.29M  
GBR,2.86M  
GBSN,2.05M  
GBX,1.26B  
GCAP,283.22M  
GCI,843.18M  
GCO,882.7M  
GD,59.09B  
GDDY,6.75B  
GDOT,1.78B  
GDP,118.87M  
GE,243.59B  
GEF,2.87B  
GEL,3.93B  
GEN,336.2M  
GENC,229.31M  
GEO,3.81B  
GEOS,206.04M  
GERN,485.49M  
GES,814.37M  
GEVO,13.83M  
GFF,947.11M  
GFN,130.88M  
GGG,6.14B  
GGP,20.34B  
GHC,3.36B  
GHDX,1.01B  
GHL,646.99M  
GHM,212.14M  
GIFI,135.88M  
GIG,207.66M  
GIGA,7.93M  
GIII,930.72M  
GILD,83.94B  
GIMO,1.38B  
GIS,32.4B  
GK,1.92B  
GLAD,251.86M  
GLDD,272.66M  
GLF,9.11M  
GLOW,10.62M  
GLP,655.42M  
GLPI,7.53B  
GLRI,582.65k  
GLT,786.23M  
GLUU,353.02M  
GLW,26.73B  
GM,49.43B  
GME,2.45B  
GMED,2.93B  
GMO,32.49M  
GNBC,705.13M  
GNC,497.93M  
GNCA,171.6M  
GNCMA,1.28B  
GNE,183.59M  
GNMK,612.6M  
GNRC,2.21B  
GNTX,5.41B  
GNVC,16.35M  
GNW,1.82B  
GOGO,1.1B  
GOOD,507.44M  
GOOGL,652.36B  
GORO,200.64M  
GOV,1.58B  
GPC,13.58B  
GPI,1.32B  
GPIC,82.06M  
GPK,4.15B  
GPN,13.73B  
GPOR,2.95B  
GPRE,896.22M  
GPRO,1.23B  
GPS,8.92B  
GPT,4.33B  
GPX,394.76M  
GRA,4.84B  
GRBK,515.23M  
GRC,640.32M  
GROW,21.72M  
GRPN,1.86B  
GRUB,3.74B  
GS,88.16B  
GSAT,2.6B  
GSB,98.37M  
GSBC,680.6M  
GSBD,816.15M  
GSIT,159.6M  
GSM,1.58B  
GST,230.98M  
GSVC,100.48M  
GT,7.98B  
GTIM,42.43M  
GTLS,1.07B  
GTN,896.56M  
GTS,391.16M  
GTT,1.19B  
GTXI,73.63M  
GTY,868.35M  
GUID,211.6M  
GULTU,16.8M  
GV,114.53M  
GVA,1.87B  
GVP,66.18M  
GWB,2.22B  
GWGH,58.72M  
GWR,4.02B  
GWRE,4.59B  
GWW,10.21B  
GXP,6.14B  
GYRO,30.88M  
H,7.28B  
HA,2.75B  
HABT,613.25M  
HAE,2.08B  
HAFC,884.32M  
HAIN,3.85B  
HAL,41.47B  
HALL,187.83M  
HALO,1.66B  
HAS,12.63B  
HASI,1.1B  
HAWK,2.36B  
HAYN,454.28M  
HBAN,13.68B  
HBCP,260.59M  
HBHC,3.97B  
HBI,7.55B  
HBIO,83.09M  
HBMD,183.13M  
HBNC,555.74M  
HBP,186.6M  
HCA,30.14B  
HCAP,83.22M  
HCC,1.25B  
HCCI,357.07M  
HCHC,231.44M  
HCI,434.15M  
HCKT,430.41M  
HCLP,1.37B  
HCN,26.82B  
HCOM,289.82M  
HCP,14.99B  
HCSG,3.4B  
HD,187.74B  
HDNG,154.34M  
HDP,779.99M  
HDS,8.45B  
HDSN,336.47M  
HE,3.53B  
HEAR,39.4M  
HEB,14.02M  
HEES,675.92M  
HEI,5.61B  
HELE,2.44B  
HEOP,455.99M  
HEP,2.2B  
HES,15.56B  
HF,1.12B  
HFBC,96.55M  
HFC,4.63B  
HFWA,709.26M  
HGT,78M  
HH,8.29M  
HHC,5.23B  
HHS,78.85M  
HI,2.29B  
HIBB,507.31M  
HIFR,1.16B  
HIFS,368.13M  
HIG,17.79B  
HII,9B  
HIIQ,326.49M  
HIL,254.2M  
HIVE,240.95M  
HIW,5.29B  
HK,1.05B  
HL,2.33B  
HLIT,414.74M  
HLS,4.12B  
HLT,20.99B  
HLTH,101.15M  
HLX,875.59M  
HMHC,1.53B  
HMN,1.5B  
HMNF,79.57M  
HMNY,14.59M  
HMSY,1.51B  
HMTV,477.97M  
HNH,331.2M  
HNI,1.87B  
HNNA,115.43M  
HNR,73.1M  
HNRG,220.65M  
HOFT,489.75M  
HOG,9.14B  
HOLX,12.04B  
HOMB,3.44B  
HON,100.17B  
HOS,93.39M  
HOV,356.17M  
HP,6.52B  
HPP,5.12B  
HPQ,32.17B  
HPT,4.72B  
HQY,2.68B  
HR,3.89B  
HRB,5.31B  
HRC,4.92B  
HRG,3.52B  
HRL,18.42B  
HRS,13.14B  
HRT,11.55M  
HRTG,358.25M  
HRTX,757.13M  
HRZN,129.56M  
HSC,1.11B  
HSGX,35.99M  
HSIC,14.11B  
HSII,408.45M  
HSKA,681.43M  
HSNI,1.81B  
HSON,44.8M  
HST,13.54B  
HSTM,909.6M  
HSY,17.04B  
HT,839.89M  
HTA,6.39B  
HTBI,461.41M  
HTBK,518.87M  
HTBX,24.15M  
HTGC,1.1B  
HTGM,31.65M  
HTH,2.48B  
HTLD,1.59B  
HTLF,1.21B  
HTM,75.78M  
HTZ,842.14M  
HUB.B,N/A  
HUBG,1.17B  
HUBS,2.5B  
HUM,32.89B  
HUN,6.4B  
HURC,186.86M  
HURN,864.43M  
HUSA,23.59M  
HVT,489.12M  
HW,1.82B  
HWCC,106.41M  
HWKN,531.1M  
HXL,4.56B  
HYH,1.69B  
HZO,478.5M  
IART,3.58B  
IBCP,438.4M  
IBIO,32.97M  
IBKC,4B  
IBKR,14.3B  
IBM,142.78B  
IBOC,2.23B  
IBP,1.54B  
IBTX,1.63B  
ICAD,74.83M  
ICBK,153.96M  
ICCC,29.14M  
ICD,164.85M  
ICE,35.12B  
ICFI,891.11M  
ICLD,10.58M  
ICON,368.62M  
ICPT,2.81B  
ICUI,3.23B  
IDA,4.21B  
IDCC,2.85B  
IDN,41.93M  
IDRA,256.53M  
IDSA,10.17M  
IDSY,87.28M  
IDT,389.83M  
IDTI,3.16B  
IDXX,14.24B  
IEC,36.18M  
IEP,7.87B  
IESC,337.08M  
IEX,8.14B  
IFF,10.65B  
IFMI,14.11M  
IFON,6.27M  
IGC,11.57M  
IHC,295.27M  
IHT,21.11M  
III,155.41M  
IIIN,611.09M  
IIN,53.04M  
IIVI,1.92B  
ILMN,25.84B  
IMDZ,186.67M  
IMGN,469.08M  
IMH,316.24M  
IMI,43.12M  
IMKTA,766.83M  
IMMR,233.34M  
IMMU,805.59M  
IMMY,75.85M  
IMNP,24.97M  
IMPV,1.59B  
IMUC,4.16M  
INAP,258.99M  
INBK,171.54M  
INCR,3.03B  
INCY,26.91B  
INDB,1.67B  
INFI,89.79M  
INFN,1.35B  
INFU,29.58M  
INGN,1.73B  
INGR,8.28B  
INN,1.79B  
INO,535.45M  
INOD,41.4M  
INOV,1.91B  
INS,33.66M  
INSM,1.06B  
INSY,908.12M  
INT,2.57B  
INTC,166.63B  
INTG,67.46M  
INTL,637.27M  
INTT,81.9M  
INTU,32.07B  
INTX,121.52M  
INUV,32.83M  
INVE,64.15M  
INVN,1.24B  
INVT,2.22M  
INWK,585.91M  
IO,53.42M  
IOSP,1.49B  
IOT,36.14M  
IP,21.1B  
IPAR,1.08B  
IPAS,84.2M  
IPCC,1.05B  
IPDN,35.1M  
IPG,9.61B  
IPGP,7.3B  
IPHI,1.62B  
IPHS,842.4M  
IPI,295.56M  
IPWR,32.61M  
IRBT,2.56B  
IRDM,968.94M  
IRET,844.27M  
IRIX,104.25M  
IRM,9.24B  
IRMD,90.84M  
IROQ,78.18M  
IRT,633.19M  
IRWD,2.62B  
ISBC,4.07B  
ISCA,1.61B  
ISDR,36.18M  
ISIG,11.37M  
ISLE,950.44M  
ISNS,18.02M  
ISR,32.45M  
ISRG,32.06B  
ISSC,62.27M  
ISTR,197.6M  
IT,10.26B  
ITCI,464.17M  
ITEK,47.23M  
ITG,671.88M  
ITI,187.96M  
ITRI,2.53B  
ITT,3.46B  
ITW,47.33B  
IVAC,272.18M  
IVC,480.26M  
IVR,1.78B  
IVZ,12.86B  
IXYS,464.69M  
JACK,3.06B  
JAGX,10.25M  
JAKK,98.62M  
JASN,36.03M  
JBHT,9.25B  
JBL,5.21B  
JBLU,7.1B  
JBSS,725.16M  
JBT,2.65B  
JCAP,219.8M  
JCI,39.96B  
JCOM,3.93B  
JCP,1.41B  
JCS,39.35M  
JEC,6.38B  
JIVE,420.75M  
JJSF,2.45B  
JKHY,7.81B  
JLL,5.08B  
JMBA,111.29M  
JMP,117.04M  
JNJ,342.12B  
JNP,43.92M  
JNPR,11.28B  
JNS,2.53B  
JOB,57.69M  
JOE,1.26B  
JONE,245.64M  
JOUT,436.92M  
JOY,2.82B  
JPM,301.17B  
JTPY,31.96M  
JUNO,2.51B  
JVA,27.73M  
JW.A,N/A  
JWN,6.77B  
JYNT,53.64M  
K,24.88B  
KAI,772.79M  
KALU,1.39B  
KAMN,1.3B  
KAR,5.89B  
KATE,2.37B  
KBAL,633.35M  
KBH,1.83B  
KBIO,36.9M  
KBR,2.11B  
KCAP,130.61M  
KCG,1.32B  
KCLI,476.7M  
KE,440.82M  
KED,198.48M  
KEG,413.79M  
KELYA,916.95M  
KEM,618.64M  
KEQU,62.92M  
KERX,681.17M  
KEX,3.62B  
KEY,19.43B  
KEYS,6.92B  
KEYW,424.55M  
KFRC,466.9M  
KFY,1.81B  
KIM,7.9B  
KIN,163.17M  
KINS,157.23M  
KIRK,154.34M  
KITE,4B  
KLAC,15.96B  
KLXI,2.49B  
KMB,45.15B  
KMG,671.17M  
KMI,43.58B  
KMPH,59.32M  
KMPR,1.93B  
KMT,3.08B  
KMX,11.99B  
KN,1.58B  
KND,869.18M  
KNL,1.11B  
KNX,2.55B  
KO,187.57B  
KODK,420.35M  
KONA,42.92M  
KOOL,30.01M  
KOP,781.28M  
KOPN,266.94M  
KOSS,12.85M  
KPTI,468.83M  
KR,26.68B  
KRA,1.08B  
KRC,7.2B  
KRG,1.63B  
KRNY,1.17B  
KRO,2.27B  
KS,1.96B  
KSS,6.45B  
KSU,9.58B  
KTCC,73.27M  
KTOS,858.41M  
KTWO,940.53M  
KVHI,152.37M  
KWR,1.82B  
L,15.46B  
LABL,1.33B  
LAD,2.26B  
LADR,1.65B  
LAKE,78.45M  
LAMR,6.93B  
LANC,3.34B  
LAND,132.25M  
LARK,121.32M  
LAWS,174.51M  
LAYN,151.31M  
LB,13.95B  
LBAI,894.93M  
LBIO,361.64M  
LBRDK,15.18B  
LBY,180.39M  
LC,2.29B  
LCI,742.75M  
LCNB,200.58M  
LCUT,270.38M  
LDL,830.42M  
LDOS,7.87B  
LDR,511.39M  
LE,579.73M  
LEA,9.88B  
LECO,5.87B  
LEE,110.33M  
LEG,6.7B  
LEN,11.97B  
LEU,38.16M  
LFUS,3.59B  
LFVN,62.48M  
LGCY,153.96M  
LGIH,701.13M  
LGL,13.19M  
LGND,2.39B  
LH,14.28B  
LHCG,1.09B  
LHO,3.23B  
LIFE,80.94M  
LII,7.49B  
LIME,21.2M  
LINC,75.89M  
LION,561.59M  
LIVE,22.22M  
LJPC,752.08M  
LKFN,1.09B  
LKQ,9.57B  
LL,826.83M  
LLEX,271.26M  
LLL,12.67B  
LLNW,329.33M  
LLY,81.84B  
LM,3.71B  
LMAT,563.15M  
LMIA,188.45M  
LMNR,263.63M  
LMNX,909.71M  
LMOS,425.49M  
LMRK,356.03M  
LMT,78.96B  
LNC,14.66B  
LNCE,3.52B  
LNDC,361.79M  
LNG,11.83B  
LNN,901.77M  
LNT,9.06B  
LOCO,525.08M  
LODE,34.55M  
LOGM,5.95B  
LOPE,3.67B  
LORL,1.16B  
LOV,33.06M  
LOW,72.58B  
LOXO,1.21B  
LPCN,68.57M  
LPG,474.37M  
LPI,3.09B  
LPLA,3.61B  
LPNT,2.5B  
LPSN,566.91M  
LPT,6.19B  
LPTH,68.73M  
LPX,3.27B  
LQ,1.63B  
LQDT,210.96M  
LRAD,58.19M  
LRCX,24.58B  
LRN,789.68M  
LSCC,854.05M  
LSTR,3.43B  
LTBR,18.63M  
LTC,1.9B  
LTM,6.79B  
LTRE,26.45M  
LTRPA,1.04B  
LTRX,41.68M  
LTS,417.23M  
LTXB,1.56B  
LUB,75.93M  
LUK,8.87B  
LUNA,41.31M  
LUV,35.09B  
LVLT,21.53B  
LVNTA,4.36B  
LVS,44.98B  
LWAY,163.64M  
LXP,2.32B  
LXRX,1.53B  
LXU,247.98M  
LYTS,217.67M  
LYV,6.96B  
LZB,1.33B  
M,7.01B  
MA,126.03B  
MAA,11.78B  
MAC,9.05B  
MAG,959.06M  
MAIN,2.13B  
MAN,6.84B  
MANH,3.3B  
MANT,1.47B  
MAR,38.96B  
MARA,6.05M  
MARK,67.96M  
MARPS,8.1M  
MAS,11.84B  
MASI,4.38B  
MAT,7.58B  
MATR,83.35M  
MATW,2.04B  
MATX,1.27B  
MBFI,3.49B  
MBI,1.08B  
MBII,40.76M  
MBRG,288.49M  
MBTF,235.51M  
MBUU,442.74M  
MBVT,345.26M  
MBWM,513.9M  
MC,1.97B  
MCBC,312.63M  
MCBK,69.75M  
MCC,336.65M  
MCD,120.75B  
MCEP,64.85M  
MCF,182.33M  
MCHP,17.35B  
MCHX,127.46M  
MCK,32.45B  
MCO,21.92B  
MCRI,519.54M  
MCS,873.37M  
MCY,3.03B  
MCZ,4.41M  
MD,5.04B  
MDC,1.77B  
MDCA,495.39M  
MDCO,3.07B  
MDLY,170.94M  
MDLZ,69.39B  
MDP,2.39B  
MDR,1.85B  
MDRX,2.16B  
MDSO,4.12B  
MDU,5.15B  
MDVX,23.54M  
MDXG,1.58B  
MED,510.48M  
MEET,323.94M  
MEI,1.42B  
MEIL,436.6k  
MEIP,59.57M  
MELA,N/A  
MEMP,10.48M  
MEP,359.5M  
MET,54.31B  
MFA,3.22B  
MFNC,87.88M  
MFRI,59.79M  
MFSF,240.89M  
MG,609.08M  
MGCD,36.93M  
MGEE,2.2B  
MGI,914.99M  
MGLN,1.61B  
MGM,17.96B  
MGNX,673.64M  
MGPI,898.16M  
MGRC,815.61M  
MHH,30.64M  
MHK,17.1B  
MHO,705.41M  
MIC,6.46B  
MICT,7.79M  
MIDD,7.4B  
MIK,3.74B  
MIND,47.95M  
MINI,1.23B  
MITK,287.01M  
MITT,507.28M  
MJN,16.34B  
MKC,12.59B  
MKL,13.3B  
MKSI,4.27B  
MKTX,7B  
MLAB,537.93M  
MLHR,1.9B  
MLI,1.64B  
MLM,14.34B  
MLNK,86.34M  
MLP,325.11M  
MLR,270.75M  
MLVF,141.25M  
MMC,38.36B  
MMI,914.95M  
MMLP,715.21M  
MMM,116.94B  
MMP,16.88B  
MMS,4.06B  
MMSI,1.67B  
MN,383.98M  
MNGA,10.86M  
MNI,64.32M  
MNKD,114.14M  
MNOV,190.32M  
MNR,1.07B  
MNRO,1.64B  
MNST,27.08B  
MNTA,1.15B  
MNTX,113.38M  
MO,136.95B  
MOBL,493.17M  
MOC,27.67M  
MOCO,175.72M  
MOD,620.88M  
MODN,357.14M  
MOFG,419.81M  
MOG.A,N/A  
MOH,3.84B  
MON,50.95B  
MORE,1.63B  
MORN,3.15B  
MOS,8.3B  
MOSY,4.67M  
MOV,508.37M  
MPAA,564.37M  
MPC,27.38B  
MPG,1.49B  
MPLX,13.52B  
MPO,441.41M  
MPW,4.8B  
MPWR,3.92B  
MPX,449.2M  
MRCC,260.03M  
MRCY,1.86B  
MRGE,540M  
MRIN,51.25M  
MRK,174.45B  
MRLN,301.85M  
MRNS,25.78M  
MRO,12.35B  
MRTN,776.34M  
MRTX,91.03M  
MRVC,59.52M  
MS,77.32B  
MSA,2.94B  
MSB,182.37M  
MSBF,88.2M  
MSCC,5.56B  
MSCI,8.94B  
MSEX,546.17M  
MSFG,830.4M  
MSFT,522.6B  
MSG,4.64B  
MSI,13.21B  
MSL,160.51M  
MSM,4.87B  
MSN,34.37M  
MSON,91.59M  
MSTR,2.1B  
MSTX,476.74k  
MTB,24.2B  
MTBC,21.48M  
MTD,14.56B  
MTDR,2.44B  
MTEX,38.77M  
MTG,3.93B  
MTGE,819.78M  
MTH,1.64B  
MTN,8.09B  
MTOR,1.42B  
MTR,27.3M  
MTRN,690.53M  
MTRX,235.41M  
MTSC,893.17M  
MTSI,3.59B  
MTW,791.23M  
MTX,2.55B  
MTZ,3.43B  
MU,30.78B  
MUSA,2.52B  
MVC,198.5M  
MVIS,143.4M  
MVO,71.88M  
MWA,1.8B  
MXC,7.68M  
MXIM,13.24B  
MXL,2.03B  
MXPT,45.9M  
MXWL,205.2M  
MYCC,851.23M  
MYE,499.31M  
MYGN,1.44B  
MYOS,13.33M  
MYRG,466.88M  
NAII,69.04M  
NAME,174.24M  
NANO,685.58M  
NATH,262.7M  
NATI,4.81B  
NAUH,58.62M  
NAV,2.54B  
NAVB,73.3M  
NAVG,1.52B  
NAVI,3.97B  
NBHC,831.05M  
NBIX,4.65B  
NBL,15.21B  
NBN,167.17M  
NBS,N/A  
NBTB,1.55B  
NBY,45.16M  
NC,450.35M  
NCI,917.57M  
NCIT,250.03M  
NCLH,11.25B  
NCMI,1.19B  
NCOM,481.62M  
NCR,4.77B  
NCS,1.2B  
NDAQ,11.14B  
NDLS,194.81M  
NDRO,106.42M  
NDSN,7.44B  
NECB,103.37M  
NEE,64.27B  
NEM,17.93B  
NEO,580.81M  
NEOG,2.33B  
NEOT,31.67M  
NEP,1.82B  
NETE,13.57M  
NEU,5.46B  
NEWM,661.18M  
NEWR,2.29B  
NEWS,376.98M  
NFBK,816.18M  
NFG,4.82B  
NFLX,67.68B  
NFX,6.82B  
NGHC,2.28B  
NGL,1.88B  
NGS,340.25M  
NGVC,212.52M  
NHC,1.06B  
NHI,3.13B  
NHLD,33.46M  
NHTC,312.5M  
NI,7.99B  
NICK,65.11M  
NJR,3.49B  
NKE,85.46B  
NKSH,275.19M  
NKTR,2.94B  
NL,455.4M  
NLNK,431.96M  
NLS,565.09M  
NLST,74.21M  
NLY,11.72B  
NMBL,1.11B  
NMFC,1.08B  
NMIH,627.75M  
NMRX,78.15M  
NNBR,755.29M  
NNI,1.69B  
NNN,5.63B  
NNVC,81.04M  
NOC,43.62B  
NOG,104.63M  
NOV,13.23B  
NOW,16.87B  
NP,1.27B  
NPK,724.2M  
NPO,1.44B  
NPTN,354.59M  
NR,710.78M  
NRCIA,652.12M  
NRG,4.97B  
NRIM,203.52M  
NRP,379.8M  
NRT,66.72M  
NRZ,4.94B  
NS,4.34B  
NSA,1.65B  
NSC,35.13B  
NSEC,39.27M  
NSH,1.13B  
NSIT,1.5B  
NSM,1.71B  
NSP,1.68B  
NSPR,4.19M  
NSR,1.84B  
NSSC,167.72M  
NSTG,382.62M  
NSYS,8.88M  
NTAP,10.71B  
NTCT,3.18B  
NTGR,1.4B  
NTIC,73.76M  
NTIP,105.84M  
NTN,17.67M  
NTRI,1.49B  
NTRS,19.96B  
NTWK,50.1M  
NUAN,5.43B  
NUE,18.08B  
NURO,4.21M  
NUS,2.95B  
NUTR,258.91M  
NUVA,3.59B  
NVAX,293.92M  
NVDA,80.86B  
NVEC,382.59M  
NVFY,37.49M  
NVIV,69.13M  
NVR,8.72B  
NVRO,2.14B  
NVTA,381.17M  
NWBI,1.57B  
NWBO,28.84M  
NWE,2.9B  
NWFL,162.41M  
NWHM,235.34M  
NWL,25.51B  
NWLI,1.09B  
NWN,1.7B  
NWPX,132.45M  
NWSA,7.53B  
NWY,96.66M  
NX,678.18M  
NXRT,527.36M  
NXST,2.72B  
NXTD,16.18M  
NXTM,1.41B  
NYCB,6.35B  
NYMT,683.36M  
NYNY,729.54M  
NYRT,1.46B  
NYT,2.8B  
O,14.82B  
OA,5.61B  
OAK,7.03B  
OAKS,91.91M  
OAS,2.84B  
OBCI,40.19M  
OC,6.88B  
OCC,20.62M  
OCFC,863.76M  
OCIP,813.43M  
OCLR,1.42B  
OCN,321.42M  
OCRX,30.49M  
OCUL,301.31M  
ODC,248.83M  
ODFL,7.09B  
ODP,2.6B  
OESX,39.35M  
OFC,3.44B  
OFED,159.23M  
OFG,424.09M  
OFLX,594.91M  
OFS,188.33M  
OGE,6.83B  
OGEN,25.62M  
OGS,3.59B  
OGXI,10.56M  
OHAI,30.26M  
OHI,6.6B  
OHRP,36.82M  
OI,3.54B  
OII,2.66B  
OIS,1.58B  
OKE,10.85B  
OKS,14.41B  
OKSB,459.7M  
OLBK,298.29M  
OLED,5.39B  
OLN,5.18B  
OLP,417.57M  
OMC,19.4B  
OMCL,1.52B  
OME,407.3M  
OMED,136.2M  
OMER,706.11M  
OMEX,31.46M  
OMI,1.97B  
OMN,393.18M  
ON,6.48B  
ONB,2.19B  
ONCE,1.67B  
ONDK,245.72M  
ONTX,19.83M  
ONVI,31.74M  
ONVO,291.31M  
OPB,835.72M  
OPGN,21.09M  
OPHT,88.2M  
OPK,3.7B  
OPOF,152.09M  
OPTT,17.31M  
OPXA,4.58M  
OPY,208.47M  
ORA,2.83B  
ORBC,684.43M  
ORCL,182.32B  
OREX,47.97M  
ORI,5.07B  
ORIT,756.99M  
ORLY,22.88B  
ORM,165.5M  
ORN,200.65M  
ORRF,180.82M  
OSBC,338.7M  
OSIR,205.43M  
OSIS,1.44B  
OSK,4.82B  
OSTK,362.43M  
OSUR,838.72M  
OTEL,22.76M  
OTIC,405.44M  
OTTR,1.48B  
OUT,3.18B  
OVAS,47.07M  
OVLY,114.55M  
OXM,918.58M  
OXY,46.36B  
OZM,1.15B  
OZRK,5.72B  
P,2.22B  
PAA,20.13B  
PACB,364.85M  
PACW,5.57B  
PAG,3.76B  
PAGP,15.57B  
PAH,3.84B  
PAHC,1.35B  
PANL,123.71M  
PANW,10.72B  
PAR,130.96M  
PARR,775.23M  
PATI,67.43M  
PATK,1.12B  
PAY,1.95B  
PAYC,3.86B  
PAYX,20.66B  
PB,4.47B  
PBCT,5.66B  
PBF,2.47B  
PBFX,845.45M  
PBH,2.62B  
PBHC,64.72M  
PBI,2.8B  
PBIB,62.02M  
PBIP,153.08M  
PBPB,269.24M  
PBT,459.56M  
PBYI,1.4B  
PCAR,22.07B  
PCBK,544.01M  
PCG,33.49B  
PCH,1.8B  
PCLN,88.86B  
PCMI,235.05M  
PCO,156.57M  
PCRX,1.94B  
PCTI,105.73M  
PCTY,2.26B  
PCYG,231.98M  
PCYO,182.91M  
PDCE,3.52B  
PDCO,4.06B  
PDEX,22.88M  
PDFS,543.53M  
PDLI,375.09M  
PDM,3.12B  
PDVW,310.52M  
PE,9.05B  
PEB,2.2B  
PEBK,148.99M  
PEBO,561.82M  
PED,3.57M  
PEG,22.27B  
PEGA,4.36B  
PEGI,1.93B  
PEI,853.13M  
PEIX,276.46M  
PENN,1.76B  
PEP,162.41B  
PER,154.88M  
PERF,17.82M  
PERY,293.6M  
PES,224.11M  
PESI,42.7M  
PETS,722.06M  
PETX,252.42M  
PF,7.06B  
PFBC,720.03M  
PFBI,205.37M  
PFBX,69.68M  
PFE,193.72B  
PFG,17.53B  
PFIE,72.82M  
PFIN,22.52M  
PFIS,299.84M  
PFLT,454.72M  
PFMT,120.7M  
PFNX,98.75M  
PFPT,3.59B  
PFS,1.53B  
PFSI,1.41B  
PG,220.57B  
PGC,518.56M  
PGEM,1.17B  
PGNX,490.87M  
PGR,23.87B  
PGRE,4.14B  
PGTI,578.23M  
PH,20.94B  
PHH,730.21M  
PHIIK,150.98M  
PHM,7.3B  
PHMD,6.02M  
PHX,308.37M  
PICO,377.37M  
PIH,44.38M  
PII,5.51B  
PINC,4.82B  
PIP,44.73M  
PIR,436.79M  
PJC,869.14M  
PKBK,143.62M  
PKD,199.85M  
PKE,328.81M  
PKG,9.28B  
PKI,6.82B  
PKOH,444.56M  
PKY,986.06M  
PLAB,694.16M  
PLBC,90.01M  
PLCE,1.86B  
PLD,29.73B  
PLKI,1.64B  
PLOW,659.65M  
PLPC,255.03M  
PLPM,182.6M  
PLT,1.76B  
PLUG,423.44M  
PLUS,1.04B  
PLXS,1.69B  
PM,178.21B  
PMBC,183.09M  
PMC,772.7M  
PMD,119.52M  
PMT,1.18B  
PN,82.99M  
PNC,57.47B  
PNFP,2.98B  
PNK,1.08B  
PNM,2.89B  
PNNT,540.77M  
PNRA,7.02B  
PNW,9.43B  
PODD,2.43B  
POL,3.08B  
POOL,4.93B  
POPE,307.22M  
POR,4.03B  
POST,5.41B  
POWI,1.94B  
POWL,366.86M  
PPBI,1.35B  
PPC,5.93B  
PPG,27.34B  
PPHM,163.74M  
PPL,26.52B  
PQ,48.59M  
PRA,3.11B  
PRAA,1.72B  
PRAH,4.37B  
PRCP,73.85M  
PRFT,580.53M  
PRGS,1.4B  
PRGX,138.28M  
PRI,3.48B  
PRIM,1.18B  
PRK,1.53B  
PRKR,36.63M  
PRLB,1.69B  
PRMW,331.41M  
PRO,864.12M  
PROV,149.86M  
PRPH,32.94M  
PRSC,629.32M  
PRSS,44.22M  
PRTO,22.64M  
PRTS,110.81M  
PRU,44.61B  
PRXL,4.02B  
PSA,37.29B  
PSB,4.22B  
PSDV,88.16M  
PSEC,2.95B  
PSIX,99.72M  
PSMT,2.7B  
PSTB,607.35M  
PSX,40.38B  
PSXP,5.71B  
PTC,6.35B  
PTEN,4.85B  
PTIE,27.85M  
PTLA,2.22B  
PTN,64.18M  
PTSI,106.92M  
PTX,45.97M  
PVCT,18.48M  
PVH,7.83B  
PVTB,4.8B  
PW,12.73M  
PWOD,183.78M  
PWR,4.78B  
PX,36.88B  
PXD,30.04B  
PXLW,161.99M  
PZN,578.16M  
PZZA,2.87B  
Q,18.27B  
QADA,558.62M  
QBAK,12.15M  
QCCO,7.02M  
QCOM,85.2B  
QCRH,566.98M  
QDEL,810.55M  
QEP,2.72B  
QLYS,1.57B  
QNST,165.94M  
QRHC,41.85M  
QRVO,9.55B  
QSII,888.79M  
QTM,269.3M  
QTS,2.79B  
QTWO,1.6B  
QTWW,N/A  
QUAD,1.18B  
QUIK,109.79M  
QUMU,26.83M  
QVCA,10.71B  
R,3.4B  
RAD,3.65B  
RAI,94.66B  
RAIL,209.53M  
RAND,18.33M  
RARE,2.43B  
RAS,216.9M  
RATE,944.33M  
RAVE,22.06M  
RAVN,1.16B  
RBC,3.52B  
RBCAA,708.06M  
RBCN,24.66M  
RBPAA,123M  
RCII,580.91M  
RCKY,103.05M  
RCL,22.83B  
RCMT,61.25M  
RDC,1.74B  
RDI,369.38M  
RDN,3.54B  
RDNT,361.21M  
RECN,391.43M  
REED,45.44M  
REFR,26.45M  
REG,10.32B  
REGI,439.98M  
REGN,47.58B  
REI,664.24M  
REIS,209.58M  
RELL,78M  
RELV,14.56M  
REN,969.68M  
REPH,157.74M  
RES,4.36B  
RESI,764.74M  
RESN,65.42M  
REV,1B  
REX,650.95M  
REXR,1.8B  
REXX,38.32M  
RF,16.94B  
RFIL,13.25M  
RGA,8B  
RGC,3.19B  
RGCO,176.8M  
RGEN,1.31B  
RGLD,5.15B  
RGLS,77.11M  
RGR,1.13B  
RGS,436.01M  
RGSE,8.38M  
RH,2.08B  
RHI,5.88B  
RHP,3.21B  
RHT,15.32B  
RIBT,9.73M  
RICE,4.41B  
RICK,199.53M  
RIGL,308.53M  
RJF,10.16B  
RKDA,31.44M  
RL,5.7B  
RLGT,283.05M  
RLGY,4.13B  
RLH,150.67M  
RLI,2.38B  
RLJ,2.52B  
RLJE,14.06M  
RLOG,11.17M  
RMAX,1.63B  
RMBS,1.35B  
RMCF,67.68M  
RMD,9.7B  
RMGN,30.79M  
RMP,2.59B  
RMTI,352.43M  
RNET,308.38M  
RNG,2.54B  
RNN,104.23M  
RNST,1.8B  
RNWK,156.19M  
ROCK,991.4M  
ROG,1.94B  
ROIAK,123.65M  
ROIC,2.39B  
ROK,20.27B  
ROKA,15.27M  
ROL,9.05B  
ROLL,2.31B  
ROP,22.61B  
ROSE,323.48M  
ROST,24.38B  
ROX,283.31M  
ROYT,74.47M  
RP,2.79B  
RPM,7.1B  
RPRX,14.84M  
RPT,1.05B  
RPXC,678.56M  
RRC,6.22B  
RRD,846.3M  
RRGB,938.84M  
RRTS,238.1M  
RS,5.25B  
RSG,20.75B  
RSO,286.38M  
RSPP,6.35B  
RST,253.5M  
RSYS,155.33M  
RT,131.72M  
RTEC,765.56M  
RTIX,284M  
RTK,9.96M  
RTN,46.65B  
RTRX,650.09M  
RUBI,244.6M  
RUSHA,1.41B  
RUTH,653.75M  
RVLT,173.93M  
RVNC,623.63M  
RVP,34.83M  
RVSB,142.99M  
RWC,65.76M  
RWT,1.26B  
RXDX,387.86M  
RXII,12.61M  
RXN,2.4B  
RYAM,569.22M  
RYN,3.57B  
SABR,6.34B  
SAEX,40.9M  
SAFM,2.62B  
SAFT,1.01B  
SAGE,2.45B  
SAH,839.05M  
SAIA,1.1B  
SAIC,3.14B  
SAJA,27.48M  
SAL,112.19M  
SALE,559.75M  
SALM,184.76M  
SAM,1.76B  
SAMG,157.89M  
SANM,2.75B  
SANW,73.72M  
SAR,122.06M  
SARA,3.87M  
SASR,948.18M  
SATS,5.54B  
SAVE,3.73B  
SBAC,16.11B  
SBCF,933.12M  
SBCP,185.4M  
SBFG,83.8M  
SBGI,3.4B  
SBH,2.54B  
SBNY,7.48B  
SBR,549.64M  
SBRA,1.58B  
SBSI,955.95M  
SBUX,88.86B  
SBY,810.23M  
SC,4.27B  
SCAI,2.27B  
SCCO,26.73B  
SCG,9.37B  
SCHL,1.47B  
SCHN,503.74M  
SCHW,51.16B  
SCI,6.01B  
SCL,1.87B  
SCLN,488.87M  
SCM,219.93M  
SCMP,490.2M  
SCON,18.94M  
SCOR,1.49B  
SCS,1.94B  
SCSC,948.02M  
SCSS,1.21B  
SCVL,351.85M  
SCX,69.11M  
SCYX,41.28M  
SD,730.26M  
SDPI,20.45M  
SDR,69.61M  
SDT,42.28M  
SEAC,87.57M  
SEAS,1.64B  
SEB,4.48B  
SEE,8.51B  
SEIC,7.95B  
SEM,1.85B  
SEMG,2.19B  
SENEA,339.67M  
SEP,13.79B  
SERV,4.92B  
SEV,82.84M  
SF,3.08B  
SFBS,1.84B  
SFE,222.93M  
SFLY,1.68B  
SFM,3.31B  
SFNC,1.61B  
SFS,986.16M  
SFST,248.79M  
SGA,288.63M  
SGBK,694.68M  
SGC,261.47M  
SGEN,9.5B  
SGM,206.06M  
SGMA,25.12M  
SGMO,561.13M  
SGMS,2.1B  
SGRP,19M  
SGU,556.52M  
SGY,436.6M  
SGYP,881.8M  
SHAK,1.39B  
SHBI,198.32M  
SHEN,1.53B  
SHLD,840.06M  
SHLM,839.07M  
SHLO,188.82M  
SHLX,5.59B  
SHO,3.48B  
SHOO,2.21B  
SHOR,413.06M  
SHOS,71.56M  
SHW,30.95B  
SIEB,90.99M  
SIEN,144.89M  
SIF,40.31M  
SIFI,170.69M  
SIGI,2.89B  
SIGM,234.62M  
SINO,28.7M  
SIR,2.15B  
SIRI,22.91B  
SIVB,9.22B  
SIX,5.57B  
SIXD,782.48k  
SJI,2.76B  
SJM,14.67B  
SJT,356.09M  
SJW,967.95M  
SKT,2.62B  
SKX,3.71B  
SKY,48.33M  
SKYW,1.78B  
SLAB,3.09B  
SLB,99.7B  
SLCA,3.28B  
SLCT,137.72M  
SLG,10.56B  
SLGN,3.4B  
SLM,4.71B  
SLP,199.56M  
SLRC,908.61M  
SM,2.39B  
SMCI,1.18B  
SMED,68.35M  
SMG,5.25B  
SMLP,1.76B  
SMLR,15.94M  
SMMF,265.89M  
SMP,1.11B  
SMRT,56.38M  
SMSI,15.49M  
SMTC,2.32B  
SN,514.32M  
SNA,9.6B  
SNAK,83.08M  
SNBC,468.87M  
SNC,679.84M  
SNCR,627.88M  
SNFCA,96.11M  
SNH,5.07B  
SNHY,1.12B  
SNI,8.83B  
SNMX,41.81M  
SNOW,936.23M  
SNPS,10.69B  
SNR,806.63M  
SNSS,69.75M  
SNV,5.04B  
SNX,4.35B  
SO,49.61B  
SOFO,19.09M  
SOHO,102.02M  
SON,5B  
SONA,202.76M  
SONC,1.21B  
SONS,380.83M  
SP,635.56M  
SPA,172.8M  
SPAN,79.95M  
SPAR,300.36M  
SPB,7.65B  
SPDC,265.7k  
SPEX,5.44M  
SPG,56.77B  
SPH,1.43B  
SPHS,74.98M  
SPKE,497.22M  
SPLK,9.12B  
SPLP,475.53M  
SPLS,5.7B  
SPN,1.81B  
SPNC,1.21B  
SPOK,348.08M  
SPP,204.38M  
SPPI,456.57M  
SPR,6.44B  
SPRT,45.89M  
SPSC,1B  
SPTN,1.35B  
SPWH,240.94M  
SPWR,1.05B  
SQBG,201.17M  
SRC,3.51B  
SRCE,1.18B  
SRCL,7.13B  
SRDX,301.37M  
SRE,27.97B  
SREV,280.9M  
SRI,458.46M  
SRLP,605.25M  
SRNE,118.61M  
SRPT,1.9B  
SRT,166.78M  
SSB,2.42B  
SSBI,76.81M  
SSD,1.95B  
SSFN,82.1M  
SSH,5.75M  
SSI,62.01M  
SSNC,7.54B  
SSNI,531.72M  
SSP,1.45B  
SSTK,1.54B  
SSY,14.84M  
SSYS,1.48B  
STAA,391.09M  
STAG,2.39B  
STAR,867.43M  
STAY,3.46B  
STBA,1.17B  
STBZ,983.14M  
STC,1.04B  
STDY,179.98M  
STE,6.42B  
STFC,1.04B  
STI,26.13B  
STKS,52.79M  
STL,2.95B  
STLD,8.27B  
STLY,16.43M  
STMP,2.05B  
STON,345.69M  
STOR,3.5B  
STRA,936.22M  
STRI,3.53M  
STRL,277.89M  
STRM,23.73M  
STRP,2.29B  
STRS,228.35M  
STRT,115.04M  
STS,340.93M  
STT,30.4B  
STWD,5.62B  
STXS,13.97M  
STZ,35.65B  
SUI,6.5B  
SUM,3B  
SUMR,32.42M  
SUN,3.51B  
SUNS,275.21M  
SUP,464.52M  
SUPN,1.69B  
SVBI,86.11M  
SVT,21.24M  
SVU,1.07B  
SVVC,61.75M  
SWC,2.19B  
SWFT,3.02B  
SWK,20.9B  
SWKS,19.17B  
SWM,1.17B  
SWN,3.54B  
SWX,3.68B  
SXC,555.08M  
SXCP,746.46M  
SXE,334.96M  
SXI,1.14B  
SXL,7.94B  
SXT,3.54B  
SYBT,837.3M  
SYF,21.77B  
SYK,51.13B  
SYKE,1.38B  
SYMC,17.96B  
SYMX,65.06M  
SYN,63.26M  
SYNA,1.91B  
SYNC,133.07M  
SYNL,102.41M  
SYNT,1.55B  
SYPR,31.56M  
SYX,589.8M  
SYY,29.21B  
T,235.1B  
TA,156.09M  
TACO,500.75M  
TACT,61.36M  
TAHO,2.93B  
TAL,10.01B  
TAP,20.27B  
TASR,1.15B  
TAST,448.88M  
TAT,67.22M  
TAX,201.28M  
TAYD,44.68M  
TBBK,346.39M  
TBI,1.08B  
TBIO,8.78M  
TBK,384.73M  
TBNK,275.69M  
TCAP,868.28M  
TCBI,3.73B  
TCBK,796.91M  
TCCO,4.42M  
TCI,169.65M  
TCO,5.1B  
TCON,53.15M  
TCP,3.99B  
TCPC,986.53M  
TCRD,317.73M  
TCS,194.87M  
TDC,3.74B  
TDG,13.3B  
TDS,3B  
TDW,35.3M  
TDY,4.51B  
TEAR,12.16M  
TECD,3.54B  
TECH,4.1B  
TEGP,1.59B  
TEN,2.98B  
TENX,14.22M  
TEP,3.72B  
TER,6.93B  
TERP,1.74B  
TESO,238.28M  
TESS,122.45M  
TEX,3.19B  
TFSL,4.44B  
TFX,8.84B  
TG,494.18M  
TGC,7.43M  
TGEN,75.16M  
TGI,1.14B  
TGT,30.89B  
TGTX,757.9M  
THC,1.77B  
THFF,557.41M  
THG,3.49B  
THLD,35.33M  
THO,4.91B  
THR,661.08M  
THRM,1.34B  
THS,4.38B  
THST,14.96M  
TICC,364.99M  
TIF,11.59B  
TIGR,619.2k  
TIK,13.35M  
TILE,1.23B  
TIME,1.18B  
TINY,40.18M  
TIS,136.93M  
TISI,731.96M  
TITN,323.14M  
TIVO,1.93B  
TJX,47.87B  
TKR,3.58B  
TLF,81.16M  
TLLP,5.92B  
TLOG,1.17M  
TLP,709.45M  
TLYS,246.37M  
TMHC,3.53B  
TMK,8.7B  
TMO,67.11B  
TMP,1.16B  
TMST,610.59M  
TMUS,55.14B  
TNAV,369.56M  
TNC,1.26B  
TNDM,45.14M  
TNET,2.1B  
TNGO,258.44M  
TNH,1.59B  
TNXP,32.33M  
TOL,6.15B  
TOWN,1.82B  
TOWR,487.66M  
TPC,1.31B  
TPH,2.02B  
TPL,2.27B  
TPLM,3.46M  
TPVG,213.78M  
TPX,2.48B  
TR,2.29B  
TRC,422.71M  
TRCB,148.49M  
TRCH,83.51M  
TRCO,3.48B  
TREC,266.78M  
TREE,1.88B  
TREX,1.87B  
TRGP,10.09B  
TRI,30.94B  
TRIP,6.23B  
TRK,702.2M  
TRMB,8.99B  
TRMK,2.11B  
TRMR,125.3M  
TRN,4.04B  
TRNO,1.52B  
TRNS,84.53M  
TROV,24.81M  
TROW,17.04B  
TROX,2.18B  
TRR,555.08M  
TRS,998.81M  
TRST,719.98M  
TRT,18.5M  
TRUE,1.63B  
TRUP,501.47M  
TRV,33.75B  
TRVN,180.15M  
TRXC,81.74M  
TSBK,164.16M  
TSC,699.62M  
TSCO,7.4B  
TSE,2.93B  
TSLA,51.06B  
TSLX,1.23B  
TSN,21.49B  
TSO,9.79B  
TSQ,183.21M  
TSRI,11.67M  
TSRO,8.21B  
TSS,10.77B  
TST,32.81M  
TTC,7.16B  
TTEC,1.78B  
TTEK,2.51B  
TTGT,247.82M  
TTI,400.03M  
TTMI,1.62B  
TTOO,98.82M  
TTPH,N/A  
TTS,1.06B  
TTWO,6.85B  
TUES,90.2M  
TUP,3.53B  
TWER,3.43M  
TWI,622.82M  
TWIN,181.54M  
TWMC,66.81M  
TWO,3.46B  
TWOU,2B  
TWTR,13.32B  
TWX,75.72B  
TXMD,858.53M  
TXN,80B  
TXRH,3.45B  
TXT,12.44B  
TYL,6.27B  
TYPE,750.47M  
TZOO,132.55M  
UA,8.1B  
UAL,24.15B  
UAM,592.5M  
UAMY,30.23M  
UAN,532.43M  
UBA,681M  
UBCP,60.06M  
UBFO,156.94M  
UBNK,824.73M  
UBNT,3.94B  
UBOH,70.73M  
UBSH,1.39B  
UBSI,4.01B  
UCBI,1.86B  
UCFC,397.48M  
UCP,208.7M  
UCTT,721.52M  
UDR,10.4B  
UE,2.61B  
UEC,198.97M  
UEIC,897.73M  
UFCS,1.09B  
UFI,500.19M  
UFPI,1.85B  
UFPT,194.9M  
UG,69.6M  
UGI,8.32B  
UHAL,7.43B  
UHS,11.52B  
UHT,978.53M  
UIHC,684.21M  
UIS,592.28M  
ULBI,92.94M  
ULTA,18.27B  
ULTI,6.34B  
UMBF,3.5B  
UMH,516.11M  
UMPQ,3.82B  
UNAM,52.28M  
UNB,178.7M  
UNF,2.79B  
UNFI,2.03B  
UNH,166.32B  
UNIS,2.69M  
UNM,10.38B  
UNP,86.44B  
UNT,1.09B  
UNTY,172.25M  
UNXL,22.65M  
UPL,2.35B  
UPLD,408.95M  
UPS,89.74B  
UQM,35.46M  
URBN,2.26B  
URG,83.41M  
URI,9.3B  
URRE,37.26M  
USAC,1.03B  
USAK,49.61M  
USAP,126.26M  
USAT,183.51M  
USB,86.12B  
USCR,1.08B  
USDP,323.66M  
USEG,5.03M  
USLM,434.64M  
USM,3.29B  
USNA,1.57B  
USPH,780.11M  
UTEK,820.08M  
UTHR,5.48B  
UTI,88.83M  
UTL,647.31M  
UTMD,235.23M  
UTX,97.08B  
UUU,6.71M  
UVE,859.28M  
UVSP,750.52M  
UVV,1.76B  
UWN,43.96M  
V,213.23B  
VAC,3.01B  
VAL,8.87B  
VALU,177.79M  
VAR,8.74B  
VBIV,170.26M  
VBTX,389.26M  
VC,3.18B  
VCEL,86.83M  
VCRA,727.27M  
VCYT,278.75M  
VDSI,556.91M  
VEC,311.71M  
VECO,1.27B  
VEEV,8.41B  
VFC,20.98B  
VG,1.43B  
VGR,2.71B  
VGZ,90.34M  
VHC,197.69M  
VHI,1.17B  
VIAB,14.3B  
VICL,25.19M  
VICR,658.97M  
VII,4.58M  
VIRC,67.55M  
VIRT,2.26B  
VISI,125.51M  
VIVO,573.96M  
VKTX,29.91M  
VLGEA,354.8M  
VLO,28.56B  
VLP,3.23B  
VLTC,6.96M  
VLY,3.01B  
VMC,16.65B  
VMI,3.38B  
VMW,37.79B  
VNCE,22.27M  
VNDA,634.87M  
VNO,18.99B  
VNOM,1.76B  
VNTV,12.59B  
VOC,74.97M  
VOXX,142.55M  
VOYA,6.57B  
VPG,236.6M  
VRA,280.74M  
VRML,99.84M  
VRNS,978.44M  
VRNT,2.51B  
VRS,125.98M  
VRSK,13.13B  
VRSN,9.05B  
VRTA,2.8M  
VRTB,6.1M  
VRTU,901.8M  
VRTV,702.94M  
VRTX,29.4B  
VSAR,561.58M  
VSAT,3.69B  
VSEC,462.47M  
VSH,2.38B  
VSI,283.77M  
VSLR,331.73M  
VSR,13.83M  
VSTM,86.93M  
VSTO,1.24B  
VTL,131.9M  
VTNR,32.15M  
VTR,23.99B  
VUZI,119.39M  
VVC,4.95B  
VVI,877.35M  
VVUS,109.91M  
VWR,4.33B  
VZ,185.28B  
W,5.36B  
WAB,7.86B  
WABC,1.38B  
WAC,57.37M  
WAFD,2.87B  
WAGE,2.6B  
WAIR,907.15M  
WAL,4.79B  
WASH,823.32M  
WAT,14.05B  
WATT,312.94M  
WBA,87.14B  
WBB,81.76M  
WBMD,2.02B  
WBS,4.5B  
WCC,3.02B  
WCG,7.6B  
WCN,16.13B  
WD,1.48B  
WDAY,20.14B  
WDC,25.24B  
WDFC,1.43B  
WDR,1.42B  
WEC,19.25B  
WEN,3.93B  
WERN,1.87B  
WES,8.1B  
WEX,4.28B  
WEYS,281.38M  
WFBI,441.14M  
WFC,265.16B  
WFM,11.48B  
WG,151.31M  
WGL,4.22B  
WGO,829.14M  
WGP,9.77B  
WHF,258.29M  
WHG,473.14M  
WHLR,86.37M  
WHR,13.25B  
WIFI,611.67M  
WIN,897.23M  
WINA,540.4M  
WIRE,849.65M  
WK,715.82M  
WLB,134.19M  
WLDN,277.11M  
WLFC,164.84M  
WLH,749.85M  
WLK,8.11B  
WLKP,676.49M  
WLL,3.22B  
WM,31.15B  
WMAR,246.39M  
WMB,24.95B  
WMC,421.71M  
WMGI,2.82B  
WMK,1.47B  
WMLP,53.49M  
WMS,1.23B  
WMT,238.8B  
WNC,1.27B  
WNR,3.95B  
WNRL,1.54B  
WOOF,7.46B  
WOR,2.65B  
WPC,6.8B  
WPCS,4.36M  
WPG,1.72B  
WPT,573.11M  
WPX,5.03B  
WPZ,39.33B  
WR,7.37B  
WRB,8.14B  
WRE,2.49B  
WRI,3.95B  
WRLD,709.98M  
WSBC,1.65B  
WSBF,404.58M  
WSCI,9.05M  
WSFS,1.38B  
WSM,4.29B  
WSO,4.6B  
WSR,453.03M  
WST,7.01B  
WSTC,1.93B  
WSTG,92.66M  
WSTL,40.81M  
WTBA,352.07M  
WTFC,3.84B  
WTI,309.77M  
WTR,5.63B  
WTS,2.17B  
WTT,33.43M  
WTW,1.67B  
WU,8.96B  
WVVI,40.01M  
WWAV,9.98B  
WWD,4.1B  
WWE,1.5B  
WWW,2.44B  
WY,24.83B  
WYN,9.98B  
WYNN,12.46B  
WYY,36.45M  
X,3.42B  
XBIT,295.74M  
XBKS,622.32M  
XCO,104.78M  
XCRA,525.85M  
XEC,11.18B  
XEL,23.28B  
XENT,654.58M  
XGTI,20M  
XHR,1.91B  
XLNX,16.6B  
XLRN,987.07M  
XNCR,1.02B  
XOM,347.16B  
XOMA,48.93M  
XON,2.81B  
XONE,221.46M  
XOXO,431.04M  
XPL,29.01M  
XPLR,20.95M  
XPO,5.9B  
XRAY,14.13B  
XRM,113.66M  
XRX,7.12B  
XXIA,1.63B  
XXII,124.53M  
XYL,9.35B  
Y,8.81B  
YELP,2.24B  
YHOO,48.1B  
YORW,412.93M  
YRCW,293.39M  
YUM,24.4B  
YUMA,25.21M  
YUME,143.7M  
Z,7.55B  
ZAGG,229.28M  
ZAIS,44.47M  
ZAYO,7.68B  
ZAZA,715.58k  
ZBRA,5.2B  
ZEN,2.46B  
ZEUS,191.32M  
ZFGN,111.96M  
ZGNX,331.26M  
ZION,8.13B  
ZIOP,981.47M  
ZIXI,316.6M  
ZLTQ,2.29B  
ZN,78.93M  
ZNGA,2.97B  
ZOES,354.31M  
ZTS,29.6B  
ZUMZ,376.31M  
